{
    "/tmp": {
        "+~JF3727793740078883542.tmp": [
            140276,
            "Thu Dec  7 11:23:03 2017"
        ],
        "+~JF7596513839261844524.tmp": [
            140276,
            "Thu Dec  7 11:23:03 2017"
        ],
        "+~JF3233642739198151350.tmp": [
            221184,
            "Thu Dec  7 11:22:56 2017"
        ],
        "+~JF2417459882194397845.tmp": [
            218476,
            "Thu Dec  7 11:22:56 2017"
        ],
        "+~JF940212681162630953.tmp": [
            220772,
            "Thu Dec  7 11:22:56 2017"
        ],
        "+~JF8768691580462424026.tmp": [
            252032,
            "Thu Dec  7 11:22:56 2017"
        ],
        "+~JF3504076145826361073.tmp": [
            220044,
            "Thu Dec  7 11:22:56 2017"
        ],
        "+~JF2984374505367890293.tmp": [
            162976,
            "Thu Dec  7 11:22:56 2017"
        ],
        "+~JF3485379376673126940.tmp": [
            163624,
            "Thu Dec  7 11:22:56 2017"
        ],
        "+~JF3852120683735128155.tmp": [
            197004,
            "Thu Dec  7 11:22:56 2017"
        ],
        "+~JF4686970496905317412.tmp": [
            197644,
            "Thu Dec  7 11:22:56 2017"
        ],
        "+~JF1629730980166999388.tmp": [
            22416,
            "Thu Dec  7 11:22:56 2017"
        ],
        ".X1024-lock": [
            11,
            "Thu Dec  7 09:09:16 2017"
        ]
    },
    "/home/ravi": {
        ".bash_history": [
            17746,
            "Thu Dec  7 09:07:31 2017"
        ],
        ".sqlite_history": [
            0,
            "Wed Nov 15 18:22:02 2017"
        ],
        ".esd_auth": [
            16,
            "Wed Nov  8 21:23:38 2017"
        ],
        "day1-notes.ipynb": [
            94837,
            "Tue Nov 14 10:58:35 2017"
        ],
        ".bash_profile": [
            193,
            "Tue Nov 21 20:14:29 2017"
        ],
        ".ICEauthority": [
            4344,
            "Thu Dec  7 09:12:50 2017"
        ],
        "Untitled.ipynb": [
            32501,
            "Fri Dec  8 10:53:48 2017"
        ],
        ".pass": [
            9,
            "Sat Nov 18 11:35:25 2017"
        ],
        ".bash_logout": [
            18,
            "Tue May 30 10:23:32 2017"
        ],
        ".viminfo": [
            15916,
            "Thu Dec  7 11:51:37 2017"
        ],
        ".wget-hsts": [
            174,
            "Wed Nov 22 18:40:25 2017"
        ],
        ".bashrc": [
            350,
            "Tue Nov 21 20:15:18 2017"
        ],
        ".lesshst": [
            34,
            "Thu Nov  9 09:55:26 2017"
        ],
        "pan-app-statuc.txt": [
            285,
            "Wed Nov 22 20:16:10 2017"
        ],
        ".bashrc-anaconda3.bak": [
            231,
            "Thu Nov  9 19:50:07 2017"
        ],
        ".python_history": [
            4269,
            "Thu Dec  7 10:58:31 2017"
        ],
        ".vimrc": [
            6,
            "Thu Nov  9 10:35:08 2017"
        ],
        "robot-framework.txt": [
            1785,
            "Thu Nov 16 09:17:57 2017"
        ]
    }
}